Node 1

Echo Requests Sent,Echo Requests Received,Echo Replies Sent,Echo Replies Received
128,49,49,128
Echo Request Bytes Sent (bytes),Echo Request Data Sent (bytes)
89452,84076
Echo Request Bytes Received (bytes),Echo Request Data Received (bytes)
51904,49846

Average RTT (milliseconds),2.565
Echo Request Throughput (kB/sec),272.47
Echo Request Goodput (kB/sec),256.09
Average Reply Delay (microseconds),55.510
Average Echo Request Hop Count,1.906

Node 2

Echo Requests Sent,Echo Requests Received,Echo Replies Sent,Echo Replies Received
82,160,160,82
Echo Request Bytes Sent (bytes),Echo Request Data Sent (bytes)
53040,49596
Echo Request Bytes Received (bytes),Echo Request Data Received (bytes)
113816,107096

Average RTT (milliseconds),2.677
Echo Request Throughput (kB/sec),241.61
Echo Request Goodput (kB/sec),225.92
Average Reply Delay (microseconds),55.650
Average Echo Request Hop Count,2.317

Node 3

Echo Requests Sent,Echo Requests Received,Echo Replies Sent,Echo Replies Received
72,98,98,72
Echo Request Bytes Sent (bytes),Echo Request Data Sent (bytes)
53070,50046
Echo Request Bytes Received (bytes),Echo Request Data Received (bytes)
62908,58792

Average RTT (milliseconds),2.779
Echo Request Throughput (kB/sec),265.20
Echo Request Goodput (kB/sec),250.09
Average Reply Delay (microseconds),54.857
Average Echo Request Hop Count,1.944

Node 4

Echo Requests Sent,Echo Requests Received,Echo Replies Sent,Echo Replies Received
108,86,86,108
Echo Request Bytes Sent (bytes),Echo Request Data Sent (bytes)
75232,70696
Echo Request Bytes Received (bytes),Echo Request Data Received (bytes)
42388,38776

Average RTT (milliseconds),3.038
Echo Request Throughput (kB/sec),229.26
Echo Request Goodput (kB/sec),215.44
Average Reply Delay (microseconds),53.314
Average Echo Request Hop Count,2.426

